{
  "project_info": {
    "project_number": "403094688760",
    "project_id": "coco-d95f7",
    "storage_bucket": "coco-d95f7.appspot.com"
  },
  "client": [
    {
      "client_info": {
        "mobilesdk_app_id": "1:403094688760:android:79111066cc0c7fbb907c0d",
        "android_client_info": {
          "package_name": "com.coco.app"
        }
      },
      "oauth_client": [
        {
          "client_id": "403094688760-2rkt9fem21s2toakcdr9armqlht13p43.apps.googleusercontent.com",
          "client_type": 1,
          "android_info": {
            "package_name": "com.coco.app",
            "certificate_hash": "c930382872a90fa4fa870dc8f99f64e7f3ca9010"
          }
        },
        {
          "client_id": "403094688760-r5a6b5d58sm3q2kkaqp111aepl5c2p2b.apps.googleusercontent.com",
          "client_type": 3
        }
      ],
      "api_key": [
        {
          "current_key": "AIzaSyAJtYkMhvIPbderAb3x-CB1yNGlGlwqhdo"
        }
      ],
      "services": {
        "appinvite_service": {
          "other_platform_oauth_client": [
            {
              "client_id": "403094688760-r5a6b5d58sm3q2kkaqp111aepl5c2p2b.apps.googleusercontent.com",
              "client_type": 3
            }
          ]
        }
      }
    }
  ],
  "configuration_version": "1"
}